{"cameraMode":{"drawMode":0,"name":"Shaded","section":"Shading Mode"},"sceneLighting":false,"audioPlay":false,"sceneViewState":{"m_AlwaysRefresh":false,"showFog":true,"showSkybox":true,"showFlares":true,"showImageEffects":true,"showParticleSystems":true,"showVisualEffectGraphs":true,"m_FxEnabled":true},"in2DMode":false,"pivot":{"x":47.05467987060547,"y":66.37413787841797,"z":-33.698570251464847},"rotation":{"x":-0.012307504191994667,"y":0.011096122674643994,"z":-0.0001393245765939355,"w":-0.999836266040802},"size":60.0048713684082,"orthographic":false}