{"cameraMode":{"drawMode":0,"name":"Shaded","section":"Shading Mode"},"sceneLighting":true,"audioPlay":false,"sceneViewState":{"m_AlwaysRefresh":false,"showFog":true,"showSkybox":true,"showFlares":true,"showImageEffects":true,"showParticleSystems":true,"showVisualEffectGraphs":true,"m_FxEnabled":true},"in2DMode":false,"pivot":{"x":517.9996337890625,"y":343.49761962890627,"z":266.527587890625},"rotation":{"x":0.05808436498045921,"y":0.04999101907014847,"z":0.0029139581602066757,"w":-0.9970460534095764},"size":240.50315856933595,"orthographic":false}