{"cameraMode":{"drawMode":0,"name":"Shaded","section":"Shading Mode"},"sceneLighting":false,"audioPlay":false,"sceneViewState":{"m_AlwaysRefresh":false,"showFog":true,"showSkybox":true,"showFlares":true,"showImageEffects":true,"showParticleSystems":true,"showVisualEffectGraphs":true,"m_FxEnabled":true},"in2DMode":false,"pivot":{"x":6.22784423828125,"y":3.7899744510650636,"z":-7.827021598815918},"rotation":{"x":0.060128625482320788,"y":0.005411426071077585,"z":0.000024185968868550844,"w":0.9981678128242493},"size":11.135628700256348,"orthographic":false}