{"cameraMode":{"drawMode":0,"name":"Shaded","section":"Shading Mode"},"sceneLighting":false,"audioPlay":false,"sceneViewState":{"m_AlwaysRefresh":false,"showFog":true,"showSkybox":true,"showFlares":true,"showImageEffects":true,"showParticleSystems":true,"showVisualEffectGraphs":true,"m_FxEnabled":true},"in2DMode":false,"pivot":{"x":17.095937728881837,"y":10.99654769897461,"z":-7.073851585388184},"rotation":{"x":0.060128625482320788,"y":0.005411426071077585,"z":0.000024185968868550844,"w":0.9981678128242493},"size":11.660344123840332,"orthographic":false}