{"cameraMode":{"drawMode":0,"name":"Shaded","section":"Shading Mode"},"sceneLighting":false,"audioPlay":false,"sceneViewState":{"m_AlwaysRefresh":false,"showFog":true,"showSkybox":true,"showFlares":true,"showImageEffects":true,"showParticleSystems":true,"showVisualEffectGraphs":true,"m_FxEnabled":true},"in2DMode":false,"pivot":{"x":2.204413890838623,"y":14.931349754333496,"z":-46.6736946105957},"rotation":{"x":0.01515889260917902,"y":-0.011092557571828366,"z":0.0005172259407117963,"w":0.9998121857643127},"size":10.435596466064454,"orthographic":false}