{"cameraMode":{"drawMode":0,"name":"Shaded","section":"Shading Mode"},"sceneLighting":false,"audioPlay":false,"sceneViewState":{"m_AlwaysRefresh":false,"showFog":true,"showSkybox":true,"showFlares":true,"showImageEffects":true,"showParticleSystems":true,"showVisualEffectGraphs":true,"m_FxEnabled":true},"in2DMode":false,"pivot":{"x":251.37664794921876,"y":140.57823181152345,"z":34.45528030395508},"rotation":{"x":0.060128625482320788,"y":0.005411426071077585,"z":0.000024185968868550844,"w":0.9981678128242493},"size":164.1287078857422,"orthographic":false}