{"cameraMode":{"drawMode":0,"name":"Shaded","section":"Shading Mode"},"sceneLighting":true,"audioPlay":false,"sceneViewState":{"m_AlwaysRefresh":false,"showFog":true,"showSkybox":true,"showFlares":true,"showImageEffects":true,"showParticleSystems":true,"showVisualEffectGraphs":true,"m_FxEnabled":true},"in2DMode":false,"pivot":{"x":281.7880859375,"y":386.52850341796877,"z":-180.82333374023438},"rotation":{"x":-0.0033067679032683374,"y":-0.0398934930562973,"z":0.00013238390965852886,"w":-0.9992026686668396},"size":10.657225608825684,"orthographic":false}