{"cameraMode":{"drawMode":0,"name":"Shaded","section":"Shading Mode"},"sceneLighting":true,"audioPlay":false,"sceneViewState":{"m_AlwaysRefresh":false,"showFog":true,"showSkybox":true,"showFlares":true,"showImageEffects":true,"showParticleSystems":true,"showVisualEffectGraphs":true,"m_FxEnabled":true},"in2DMode":false,"pivot":{"x":42.71107864379883,"y":-25.771013259887697,"z":36.133033752441409},"rotation":{"x":-0.20223413407802583,"y":-0.4142042100429535,"z":0.09492985904216767,"w":-0.8823316693305969},"size":34.342552185058597,"orthographic":false}