{"cameraMode":{"drawMode":0,"name":"Shaded","section":"Shading Mode"},"sceneLighting":true,"audioPlay":false,"sceneViewState":{"m_AlwaysRefresh":false,"showFog":true,"showSkybox":true,"showFlares":true,"showImageEffects":true,"showParticleSystems":true,"showVisualEffectGraphs":true,"m_FxEnabled":true},"in2DMode":false,"pivot":{"x":521.1703491210938,"y":282.1501770019531,"z":451.11395263671877},"rotation":{"x":-0.030292877927422525,"y":0.02758091129362583,"z":-0.0008339050109498203,"w":-0.9991523027420044},"size":240.50315856933595,"orthographic":false}