{"cameraMode":{"drawMode":0,"name":"Shaded","section":"Shading Mode"},"sceneLighting":false,"audioPlay":false,"sceneViewState":{"m_AlwaysRefresh":false,"showFog":true,"showSkybox":true,"showFlares":true,"showImageEffects":true,"showParticleSystems":true,"showVisualEffectGraphs":true,"m_FxEnabled":true},"in2DMode":false,"pivot":{"x":5.927805423736572,"y":3.757520914077759,"z":-1.1231920719146729},"rotation":{"x":-0.055255018174648288,"y":-0.05002104863524437,"z":-0.0024210293777287008,"w":0.9972076416015625},"size":1.6915192604064942,"orthographic":false}