{"cameraMode":{"drawMode":0,"name":"Shaded","section":"Shading Mode"},"sceneLighting":true,"audioPlay":false,"sceneViewState":{"m_AlwaysRefresh":false,"showFog":true,"showSkybox":true,"showFlares":true,"showImageEffects":true,"showParticleSystems":true,"showVisualEffectGraphs":true,"m_FxEnabled":true},"in2DMode":false,"pivot":{"x":-10.418412208557129,"y":20.764625549316408,"z":-101.5406723022461},"rotation":{"x":0.02669721655547619,"y":0.025783482939004899,"z":-0.0006907285423949361,"w":0.9993140697479248},"size":1.7521514892578126,"orthographic":false}